ref : V100 | prix : 26.0 url : bu.univ-angers.fr/doc/100
ref : V101 | prix : 16.0 url : bu.univ-angers.fr/doc/101
ref : V102 | prix : 34.0 url : bu.univ-angers.fr/doc/102
ref : V103 | prix : 45.0 url : bu.univ-angers.fr/doc/103
ref : V104 | prix : 19.0 url : bu.univ-angers.fr/doc/104
ref : V105 | prix : 43.0 url : bu.univ-angers.fr/doc/105
ref : V106 | prix : 44.0 url : bu.univ-angers.fr/doc/106
ref : V107 | prix : 26.0 url : bu.univ-angers.fr/doc/107
ref : V108 | prix : 22.0 url : bu.univ-angers.fr/doc/108
ref : V109 | prix : 43.0 url : bu.univ-angers.fr/doc/109
ref : V110 | prix : 20.0 url : bu.univ-angers.fr/doc/110
ref : V111 | prix : 48.0 url : bu.univ-angers.fr/doc/111
ref : V112 | prix : 36.0 url : bu.univ-angers.fr/doc/112
ref : V113 | prix : 34.0 url : bu.univ-angers.fr/doc/113
ref : V114 | prix : 48.0 url : bu.univ-angers.fr/doc/114
ref : V115 | prix : 30.0 url : bu.univ-angers.fr/doc/115
ref : V116 | prix : 27.0 url : bu.univ-angers.fr/doc/116
ref : V117 | prix : 31.0 url : bu.univ-angers.fr/doc/117
ref : V118 | prix : 37.0 url : bu.univ-angers.fr/doc/118
ref : V119 | prix : 22.0 url : bu.univ-angers.fr/doc/119
ref : V120 | prix : 16.0 url : bu.univ-angers.fr/doc/120
ref : V121 | prix : 24.0 url : bu.univ-angers.fr/doc/121
ref : V122 | prix : 36.0 url : bu.univ-angers.fr/doc/122
ref : V123 | prix : 46.0 url : bu.univ-angers.fr/doc/123
ref : V124 | prix : 25.0 url : bu.univ-angers.fr/doc/124
ref : V125 | prix : 34.0 url : bu.univ-angers.fr/doc/125
ref : V126 | prix : 30.0 url : bu.univ-angers.fr/doc/126
ref : V127 | prix : 21.0 url : bu.univ-angers.fr/doc/127
ref : V128 | prix : 17.0 url : bu.univ-angers.fr/doc/128
ref : V129 | prix : 38.0 url : bu.univ-angers.fr/doc/129
ref : V130 | prix : 27.0 url : bu.univ-angers.fr/doc/130
ref : V131 | prix : 43.0 url : bu.univ-angers.fr/doc/131
ref : V132 | prix : 46.0 url : bu.univ-angers.fr/doc/132
ref : V133 | prix : 19.0 url : bu.univ-angers.fr/doc/133
ref : V134 | prix : 40.0 url : bu.univ-angers.fr/doc/134
ref : V135 | prix : 43.0 url : bu.univ-angers.fr/doc/135
ref : V136 | prix : 47.0 url : bu.univ-angers.fr/doc/136
ref : V137 | prix : 36.0 url : bu.univ-angers.fr/doc/137
ref : V138 | prix : 17.0 url : bu.univ-angers.fr/doc/138
ref : V139 | prix : 23.0 url : bu.univ-angers.fr/doc/139
ref : V140 | prix : 46.0 url : bu.univ-angers.fr/doc/140
ref : V141 | prix : 35.0 url : bu.univ-angers.fr/doc/141
ref : V142 | prix : 24.0 url : bu.univ-angers.fr/doc/142
ref : V143 | prix : 34.0 url : bu.univ-angers.fr/doc/143
ref : V144 | prix : 15.0 url : bu.univ-angers.fr/doc/144
ref : V145 | prix : 24.0 url : bu.univ-angers.fr/doc/145
ref : V146 | prix : 35.0 url : bu.univ-angers.fr/doc/146
ref : V147 | prix : 44.0 url : bu.univ-angers.fr/doc/147
ref : V148 | prix : 31.0 url : bu.univ-angers.fr/doc/148
ref : V149 | prix : 23.0 url : bu.univ-angers.fr/doc/149
ref : V150 | prix : 46.0 url : bu.univ-angers.fr/doc/150
ref : V151 | prix : 24.0 url : bu.univ-angers.fr/doc/151
ref : V152 | prix : 29.0 url : bu.univ-angers.fr/doc/152
ref : V153 | prix : 32.0 url : bu.univ-angers.fr/doc/153
ref : V154 | prix : 47.0 url : bu.univ-angers.fr/doc/154
ref : V155 | prix : 37.0 url : bu.univ-angers.fr/doc/155
ref : V156 | prix : 35.0 url : bu.univ-angers.fr/doc/156
ref : V157 | prix : 48.0 url : bu.univ-angers.fr/doc/157
ref : V158 | prix : 26.0 url : bu.univ-angers.fr/doc/158
ref : V159 | prix : 22.0 url : bu.univ-angers.fr/doc/159
ref : V160 | prix : 39.0 url : bu.univ-angers.fr/doc/160
ref : V161 | prix : 34.0 url : bu.univ-angers.fr/doc/161
ref : V162 | prix : 20.0 url : bu.univ-angers.fr/doc/162
ref : V163 | prix : 26.0 url : bu.univ-angers.fr/doc/163
ref : V164 | prix : 38.0 url : bu.univ-angers.fr/doc/164
ref : V165 | prix : 37.0 url : bu.univ-angers.fr/doc/165
ref : V166 | prix : 47.0 url : bu.univ-angers.fr/doc/166
ref : V167 | prix : 21.0 url : bu.univ-angers.fr/doc/167
ref : V168 | prix : 38.0 url : bu.univ-angers.fr/doc/168
ref : V169 | prix : 36.0 url : bu.univ-angers.fr/doc/169
ref : V170 | prix : 49.0 url : bu.univ-angers.fr/doc/170
ref : V171 | prix : 49.0 url : bu.univ-angers.fr/doc/171
ref : V172 | prix : 48.0 url : bu.univ-angers.fr/doc/172
ref : V173 | prix : 17.0 url : bu.univ-angers.fr/doc/173
ref : V174 | prix : 32.0 url : bu.univ-angers.fr/doc/174
ref : V175 | prix : 36.0 url : bu.univ-angers.fr/doc/175
ref : V176 | prix : 30.0 url : bu.univ-angers.fr/doc/176
ref : V177 | prix : 15.0 url : bu.univ-angers.fr/doc/177
ref : V178 | prix : 34.0 url : bu.univ-angers.fr/doc/178
ref : V179 | prix : 49.0 url : bu.univ-angers.fr/doc/179
ref : V180 | prix : 23.0 url : bu.univ-angers.fr/doc/180
ref : V181 | prix : 30.0 url : bu.univ-angers.fr/doc/181
ref : V182 | prix : 32.0 url : bu.univ-angers.fr/doc/182
ref : V183 | prix : 36.0 url : bu.univ-angers.fr/doc/183
ref : V184 | prix : 40.0 url : bu.univ-angers.fr/doc/184
ref : V185 | prix : 41.0 url : bu.univ-angers.fr/doc/185
ref : V186 | prix : 16.0 url : bu.univ-angers.fr/doc/186
ref : V187 | prix : 17.0 url : bu.univ-angers.fr/doc/187
ref : V188 | prix : 48.0 url : bu.univ-angers.fr/doc/188
ref : V189 | prix : 34.0 url : bu.univ-angers.fr/doc/189
ref : V190 | prix : 39.0 url : bu.univ-angers.fr/doc/190
ref : V191 | prix : 19.0 url : bu.univ-angers.fr/doc/191
ref : V192 | prix : 26.0 url : bu.univ-angers.fr/doc/192
ref : V193 | prix : 36.0 url : bu.univ-angers.fr/doc/193
ref : V194 | prix : 20.0 url : bu.univ-angers.fr/doc/194
ref : V195 | prix : 17.0 url : bu.univ-angers.fr/doc/195
ref : V196 | prix : 49.0 url : bu.univ-angers.fr/doc/196
ref : V197 | prix : 50.0 url : bu.univ-angers.fr/doc/197
ref : V198 | prix : 21.0 url : bu.univ-angers.fr/doc/198
ref : V199 | prix : 39.0 url : bu.univ-angers.fr/doc/199
